-- MariaDB dump 10.19  Distrib 10.4.19-MariaDB, for Win64 (AMD64)
--
-- Host: localhost    Database: agenda
-- ------------------------------------------------------
-- Server version	10.4.19-MariaDB

/*!40101 SET @OLD_CHARACTER_SET_CLIENT=@@CHARACTER_SET_CLIENT */;
/*!40101 SET @OLD_CHARACTER_SET_RESULTS=@@CHARACTER_SET_RESULTS */;
/*!40101 SET @OLD_COLLATION_CONNECTION=@@COLLATION_CONNECTION */;
/*!40101 SET NAMES utf8mb4 */;
/*!40103 SET @OLD_TIME_ZONE=@@TIME_ZONE */;
/*!40103 SET TIME_ZONE='+00:00' */;
/*!40014 SET @OLD_UNIQUE_CHECKS=@@UNIQUE_CHECKS, UNIQUE_CHECKS=0 */;
/*!40014 SET @OLD_FOREIGN_KEY_CHECKS=@@FOREIGN_KEY_CHECKS, FOREIGN_KEY_CHECKS=0 */;
/*!40101 SET @OLD_SQL_MODE=@@SQL_MODE, SQL_MODE='NO_AUTO_VALUE_ON_ZERO' */;
/*!40111 SET @OLD_SQL_NOTES=@@SQL_NOTES, SQL_NOTES=0 */;

--
-- Table structure for table `header`
--

DROP TABLE IF EXISTS `header`;
/*!40101 SET @saved_cs_client     = @@character_set_client */;
/*!40101 SET character_set_client = utf8 */;
CREATE TABLE `header` (
  `id_header` int(11) NOT NULL AUTO_INCREMENT,
  `header_name` varchar(50) DEFAULT NULL,
  `content` text DEFAULT NULL,
  `image` varchar(200) DEFAULT NULL,
  `description` varchar(200) DEFAULT NULL,
  `deleted_at` datetime DEFAULT NULL,
  PRIMARY KEY (`id_header`) USING BTREE
) ENGINE=InnoDB DEFAULT CHARSET=utf8mb4 ROW_FORMAT=COMPACT;
/*!40101 SET character_set_client = @saved_cs_client */;

--
-- Dumping data for table `header`
--

LOCK TABLES `header` WRITE;
/*!40000 ALTER TABLE `header` DISABLE KEYS */;
/*!40000 ALTER TABLE `header` ENABLE KEYS */;
UNLOCK TABLES;

--
-- Table structure for table `tb_agenda`
--

DROP TABLE IF EXISTS `tb_agenda`;
/*!40101 SET @saved_cs_client     = @@character_set_client */;
/*!40101 SET character_set_client = utf8 */;
CREATE TABLE `tb_agenda` (
  `id_agenda` int(10) unsigned NOT NULL AUTO_INCREMENT,
  `nama_kegiatan` text COLLATE utf8_unicode_ci NOT NULL,
  `kategori` varchar(255) COLLATE utf8_unicode_ci DEFAULT NULL,
  `penyelenggara` varchar(255) COLLATE utf8_unicode_ci NOT NULL,
  `agenda` varchar(255) COLLATE utf8_unicode_ci DEFAULT NULL,
  `sub_agenda` longtext COLLATE utf8_unicode_ci DEFAULT NULL,
  `tanggal` date DEFAULT NULL,
  `pukul` time DEFAULT NULL,
  `tempat` varchar(255) COLLATE utf8_unicode_ci DEFAULT NULL,
  `pakaian` varchar(255) COLLATE utf8_unicode_ci DEFAULT NULL,
  `undangan` longtext COLLATE utf8_unicode_ci DEFAULT NULL,
  `peran_pimpinan` text COLLATE utf8_unicode_ci DEFAULT NULL,
  `urutan_acara` longtext COLLATE utf8_unicode_ci DEFAULT NULL,
  `tata_ruangan` longtext COLLATE utf8_unicode_ci DEFAULT NULL,
  `pihak_terkait` varchar(255) COLLATE utf8_unicode_ci DEFAULT '-',
  `petugas_protokol` longtext COLLATE utf8_unicode_ci DEFAULT NULL,
  `catatan` text COLLATE utf8_unicode_ci DEFAULT NULL,
  `sambutan` varchar(255) COLLATE utf8_unicode_ci DEFAULT NULL,
  `surat` varchar(255) COLLATE utf8_unicode_ci DEFAULT NULL,
  `status_agenda` int(11) NOT NULL COMMENT '1: selesai, 2: ditunda; 3: belum berjalan; 4: sedang berlangsung',
  `status_verifikasi` int(11) NOT NULL COMMENT '1: Disetujui; 2: Tidak disetujui; 3: Belum diverifikasi',
  `user_id` int(10) NOT NULL,
  `created_at` datetime NOT NULL DEFAULT current_timestamp(),
  `updated_at` datetime NOT NULL DEFAULT current_timestamp() ON UPDATE current_timestamp(),
  `deleted_at` datetime DEFAULT NULL,
  PRIMARY KEY (`id_agenda`) USING BTREE
) ENGINE=InnoDB AUTO_INCREMENT=12 DEFAULT CHARSET=utf8 COLLATE=utf8_unicode_ci ROW_FORMAT=DYNAMIC;
/*!40101 SET character_set_client = @saved_cs_client */;

--
-- Dumping data for table `tb_agenda`
--

LOCK TABLES `tb_agenda` WRITE;
/*!40000 ALTER TABLE `tb_agenda` DISABLE KEYS */;
INSERT INTO `tb_agenda` VALUES (1,'MUSYAWARAH DAERAH ASOSIASI KEPALA DESA KABUPATEN JEMBER TAHUN 2021.  dan PENGUKUHAN PENGURUS ASOSIASI KEPALA DESA KABUPATEN JEMBER MASA BHAKTI TAHUN 2021 S/D TAHUN 2025.','Sosialisasi','Pemkab Jember','Bupati','1. Satpol PP\r\nMengamankan dan mengawasi keamanan tempat acara & area Pendopo Wahyawibawagraha\r\n\r\n2. Bagian Umum\r\n- Menyiapkan tempat acara di Aula Pendopo Wahyawibawagraha Lt.2\r\n- Penataan meja & kursi sesuai layout\r\n- Gardening\r\n- Sound System\r\n- Podium\r\n\r\n3. Bagian Dispesmasdes\r\n- Menyiapkan materi\r\n- Berkoordinasi dengan Asosiasi Kepala Desa\r\n- Menghadirkan Pengurus Asosiasi Kepala Desa\r\n- Menyiapkan absen daftar hadir & petugasnya acara Musda & acara Pengukuhan\r\n\r\n4. Bagian Protokol dan Komunikasi Pimpinan\r\n- menyiapkan MC dan dirigen\r\n- Penyusunan Standart Operasional Prosedur Acara\r\n- Petugas Protokoler (tata tempat, tata acara)\r\n- Pembuatan undangan VIP\r\n- SMS / WA Center OPD\r\n- Videotron\r\n\r\n5. Dinas Kesehatan\r\n- Penyiapan kelengkapan Swab antigen\r\n\r\n6. Diskominfo\r\n- Penyiapan Media dan tim liputan\r\n- Operator Lagu Kebangsaan Indonesia Raya & Lagu Mars Jember','2021-08-25','15:55:00','Aula Waryaloka Pendopo Wahyawibawagraha Lantai 2','- Sipil                   : Batik\r\n- Pengurus AKD : PDH Khaky','Undangan VIP :\r\n1. Bupati Jember (Musda & Pengukuhan)\r\n\r\nUndangan OPD. Kabupaten Jember dan lainnya :\r\n1. Sekretaris Daerah (Pengukuhan) \r\n2. Ka. Dispemasdes (Musda & Pengukuhan)\r\n3. Kabag. Hukum (Pengukuhan)\r\n2. Peserta Musda & Pengukuhan : 28 orang Kades, diantaranya  sebagai Panitia Pemilihan Pengurus Asosiasi Kepala Desa Kabupaten Jember Tahun 2021 dan sebagai Koordinator Kecamatan (perwakilan seluruh Kades)','-','Rundown : MUSYAWARAH DAERAH ASOSIASI KEPALA DESA KABUPATEN JEMBER TAHUN 2021 sebagai berikut : \r\n\r\n???? Pukul 07.55 WIB Bupati Jember menuju lantai 2 Pendopo Waryaloka Wahyawibawagraha \r\n???? Pukul 08:00 WIB acara dimulai dengan susunan sebagai berikut :\r\n1. Menyanyikan Lagu Kebangsaan Indonesia Raya dan Lagu Mars Jember\r\n2. Pembukaan acara\r\n3. Pembacaan doa oleh Bpk. Farhan\r\n4. Laporan Ketua Panitia Pemilihan Pengurus Asosiasi Kepala Desa Kabupaten Jember Tahun 2021 oleh Bpk. Sunaryo. \r\n4. Sambutan perwakilan Asosiasi Kepala Desa Provinsi Jawa Timur oleh Bpk. Bisma Pradana\r\n5. Sambutan Bupati Jember sekaligus membuka secara resmi acara Musyawarah Daerah Asosiasi Kepala Desa Kabupaten Jember Tahun 2021\r\n6. Acara berhenti sejenak untuk memberikan kesempatan Kepada Bupati Jember meninggalkan lokasi acara\r\n7. Foto bersama, tentative\r\n???? Doorstop media\r\n???? Acara dilanjutkan Musda AKD Kabupaten Jember Tahun 2021 oleh Panitia Musda\r\n\r\n\r\nRundown : PENGUKUHAN PENGURUS ASOSIASI KEPALA DESA KABUPATEN JEMBER MASA BHAKTI TAHUN 2021 S/D TAHUN 2025.   \r\n\r\n???? Pukul 12.55 WIB Bupati Jember menuju lantai 2 pendopo Waryaloka Wahyawibawagraha \r\n???? Pukul 13.00 WIB acara dimulai dengan susunan sebagai berikut :\r\n1. Menyanyikan Lagu Kebangsaan Indonesia Raya dan Lagu Mars Jember\r\n2. Pembukaan acara\r\n3. Pembacaan Keputusan Hasil Musyawarah Daerah Asosiasi Kepala Desa Kabupaten Jember Masa Bhakti 2021-2025\r\n4. Prosesi Pengukuhan Asosiasi Kepala Desa :\r\n- Pengurus Asosiasi Kepala Desa yang akan dikukuhkan dimohon berdiri. \r\n- Hadirin disilahkan berdiri, Bupati Jember disilahkan mengambil tempat\r\n- Pembacaan Pengukuhan oleh Bupati Jember\r\n- Bupati Jember disilahkan kembali ketempat, hadirin disilahkan duduk kembali\r\n- Pengurus Asosiasi Kepala Desa Kabupaten Jember Masa Bhakti Tahun 2021 s/d Tahun 2025 yang sudah dikukuhkan disilahkan   duduk kembali\r\n5. Sambutan Ketua AKD terpilih\r\n6. Bupati Jember\r\n7. Pembacaan doa oleh Bpk. Farhan\r\n8. Selesai, Penutupan acara\r\n9. Foto bersama\r\n???? Doorstop media\r\n???? Acara selesai Bupati dan Ka. Opd meninggalkan lokasi acara\r\n\r\n*Pelaksanaan acara ini mengikuti & memperhatikan syarat Protokol Kesehatan Covid-19\r\n\r\nCatatan : \r\n-	 Undangan Wajib menyerahkan hasil swab antigen dengan hasil Negatip. \r\n-	 Hasil swab antigen hanya berlaku 1 hari\r\n-	 Swab dapat dilakukan di Poli Kesehatan Pemerintah Kabupaten Jember / Puskesmas terdekat (peserta AKD)\r\n- Mohon hadir ditempat acara 1 (satu) jam sebelum acara dimulai','1. Musda AKD : Model Clasroom\r\n2. Pengukuhan pengurus AKD : Model Theatre, dengan posisi : Bupati dan Opd berada disisi barat hadap ke timur. Peserta Musda AKD hadap videotron.','-','02 Ambon\r\n (+62811-3253-009)\r\n03 Ambon\r\n (+62813-3652-0001)\r\n06 Ambon \r\n(+62851-0077-4299)\r\n08 Ambon\r\n(+62822-5715-8412)','Untuk kalangan sendiri','1629881929401.pdf','16298819294011.pdf',3,3,1,'2021-08-25 15:58:49','2021-08-25 16:14:17',NULL),(2,'MUSYAWARAH DAERAH ASOSIASI KEPALA DESA KABUPATEN JEMBER TAHUN 2021.  dan PENGUKUHAN PENGURUS ASOSIASI KEPALA DESA KABUPATEN JEMBER MASA BHAKTI TAHUN 2021 S/D TAHUN 2025.','Sosialisasi','Pemkab Jember','Wakil Bupati','✅ Satpol PP\r\nMengamankan dan mengawasi keamanan tempat acara & area Pendopo Wahyawibawagraha. \r\n\r\n✅ Bagian Umum\r\n- Menyiapkan tempat acara di Aula Pendopo Wahyawibawagraha Lt.2\r\n- Penataan meja & kursi sesuai layout\r\n- Gardening\r\n- Sound System\r\n- Podium\r\n\r\n✅ Bagian Dispesmasdes\r\n- Menyiapkan materi\r\n- Berkoordinasi dengan Asosiasi Kepala Desa. \r\n- Menghadirkan Pengurus Asosiasi Kepala Desa. \r\n- Menyiapkan absen daftar hadir & petugasnya acara Musda & acara Pengukuhan\r\n\r\n✅ Bagian Protokol dan Komunikasi Pimpinan\r\n- menyiapkan MC dan dirigen\r\n- Penyusunan Standart Operasional Prosedur Acara. \r\n- Petugas Protokoler (tata tempat, tata acara);\r\n- Pembuatan undangan VIP;\r\n- SMS / WA Center OPD. \r\n- Videotron\r\n\r\n✅ Dinas Kesehatan\r\n- Penyiapan kelengkapan Swab antigen\r\n\r\n✅ Diskominfo\r\n- Penyiapan Media dan tim liputan\r\n- Operator Lagu Kebangsaan Indonesia Raya & Lagu Mars Jember.','2021-08-25','16:00:00','Aula Waryaloka Pendopo Wahyawibawagraha lantai 2.','- Sipil                   : Batik. \r\n- Pengurus AKD : PDH Khaky. ','Undangan VIP :\r\n1. Bupati Jember (Musda & Pengukuhan). \r\n\r\nUndangan OPD. Kabupaten Jember dan lainnya :\r\n1. Sekretaris Daerah (Pengukuhan) \r\n2. Ka. Dispemasdes (Musda & Pengukuhan). \r\n3. Kabag. Hukum (Pengukuhan)\r\n2. Peserta Musda & Pengukuhan : 28 orang Kades, diantaranya  sebagai Panitia Pemilihan Pengurus Asosiasi Kepala Desa Kabupaten Jember Tahun 2021 dan sebagai Koordinator Kecamatan (perwakilan seluruh Kades)','-','Rundown : MUSYAWARAH DAERAH ASOSIASI KEPALA DESA KABUPATEN JEMBER TAHUN 2021 sebagai berikut : \r\n\r\n???? Pukul 07.55 WIB Bupati Jember menuju lantai 2 Pendopo Waryaloka Wahyawibawagraha \r\n???? Pukul 08:00 WIB acara dimulai dengan susunan sebagai berikut :\r\n1. Menyanyikan Lagu Kebangsaan Indonesia Raya dan Lagu Mars Jember. \r\n2. Pembukaan acara. \r\n3. Pembacaan doa oleh Bpk. Farhan.\r\n4. Laporan Ketua Panitia Pemilihan Pengurus Asosiasi Kepala Desa Kabupaten Jember Tahun 2021 oleh Bpk. Sunaryo. \r\n4. Sambutan perwakilan Asosiasi Kepala Desa Provinsi Jawa Timur oleh Bpk. Bisma Pradana. \r\n5. Sambutan Bupati Jember sekaligus membuka secara resmi acara Musyawarah Daerah Asosiasi Kepala Desa Kabupaten Jember Tahun 2021.\r\n6. Acara berhenti sejenak untuk memberikan kesempatan Kepada Bupati Jember meninggalkan lokasi acara. \r\n7. Foto bersama, tentative. \r\n???? Doorstop media\r\n???? Acara dilanjutkan Musda AKD Kabupaten Jember Tahun 2021 oleh Panitia Musda. \r\n\r\n\r\nRundown : PENGUKUHAN PENGURUS ASOSIASI KEPALA DESA KABUPATEN JEMBER MASA BHAKTI TAHUN 2021 S/D TAHUN 2025.   \r\n\r\n???? Pukul 12.55 WIB Bupati Jember menuju lantai 2 pendopo Waryaloka Wahyawibawagraha \r\n???? Pukul 13.00 WIB acara dimulai dengan susunan sebagai berikut :\r\n1. Menyanyikan Lagu Kebangsaan Indonesia Raya dan Lagu Mars Jember\r\n2. Pembukaan acara\r\n3. Pembacaan Keputusan Hasil Musyawarah Daerah Asosiasi Kepala Desa Kabupaten Jember Masa Bhakti 2021-2025.\r\n4. Prosesi Pengukuhan Asosiasi Kepala Desa :\r\n- Pengurus Asosiasi Kepala Desa yang akan dikukuhkan dimohon berdiri. \r\n- Hadirin disilahkan berdiri, Bupati Jember disilahkan mengambil tempat. \r\n- Pembacaan Pengukuhan oleh Bupati Jember. \r\n- Bupati Jember disilahkan kembali ketempat, hadirin disilahkan duduk kembali. \r\n- Pengurus Asosiasi Kepala Desa Kabupaten Jember Masa Bhakti Tahun 2021 s/d Tahun 2025 yang sudah dikukuhkan disilahkan   duduk kembali\r\n5. Sambutan Ketua AKD terpilih\r\n6. Bupati Jember. \r\n7. Pembacaan doa oleh Bpk. Farhan. \r\n8. Selesai, Penutupan acara.\r\n9. Foto bersama. \r\n???? Doorstop media. \r\n???? Acara selesai Bupati dan Ka. Opd meninggalkan lokasi acara\r\n\r\n*Pelaksanaan acara ini mengikuti & memperhatikan syarat Protokol Kesehatan Covid-19.\r\n\r\nCatatan : \r\n-	 Undangan Wajib menyerahkan hasil swab antigen dengan hasil Negatip. \r\n-	 Hasil swab antigen hanya berlaku 1 hari\r\n-	 Swab dapat dilakukan di Poli Kesehatan Pemerintah Kabupaten Jember / Puskesmas terdekat (peserta AKD). \r\n- Mohon hadir ditempat acara 1 (satu) jam sebelum acara dimulai.','1. Musda AKD : Model Clasroom. \r\n2. Pengukuhan pengurus AKD : Model Theatre, dengan posisi : Bupati dan Opd berada disisi barat hadap ke timur. Peserta Musda AKD hadap videotron.','-','02 Ambon\r\n (+62811-3253-009)\r\n03 Ambon\r\n (+62813-3652-0001)\r\n06 Ambon \r\n(+62851-0077-4299)\r\n08 Ambon\r\n(+62822-5715-8412)','Untuk kalangan sendiri','1629882144657.pdf','16298821446571.pdf',3,3,1,'2021-08-25 16:02:24','2021-08-25 16:14:17',NULL),(3,'MUSYAWARAH DAERAH ASOSIASI KEPALA DESA KABUPATEN JEMBER TAHUN 2021.  dan PENGUKUHAN PENGURUS ASOSIASI KEPALA DESA KABUPATEN JEMBER MASA BHAKTI TAHUN 2021 S/D TAHUN 2025. ','Sosialisasi','Pemkab Jember','Bupati','✅ Satpol PP\r\nMengamankan dan mengawasi keamanan tempat acara & area Pendopo Wahyawibawagraha. \r\n\r\n✅ Bagian Umum\r\n- Menyiapkan tempat acara di Aula Pendopo Wahyawibawagraha Lt.2\r\n- Penataan meja & kursi sesuai layout\r\n- Gardening\r\n- Sound System\r\n- Podium\r\n\r\n✅ Bagian Dispesmasdes\r\n- Menyiapkan materi\r\n- Berkoordinasi dengan Asosiasi Kepala Desa. \r\n- Menghadirkan Pengurus Asosiasi Kepala Desa. \r\n- Menyiapkan absen daftar hadir & petugasnya acara Musda & acara Pengukuhan\r\n\r\n✅ Bagian Protokol dan Komunikasi Pimpinan\r\n- menyiapkan MC dan dirigen\r\n- Penyusunan Standart Operasional Prosedur Acara. \r\n- Petugas Protokoler (tata tempat, tata acara);\r\n- Pembuatan undangan VIP;\r\n- SMS / WA Center OPD. \r\n- Videotron\r\n\r\n✅ Dinas Kesehatan\r\n- Penyiapan kelengkapan Swab antigen\r\n\r\n✅ Diskominfo\r\n- Penyiapan Media dan tim liputan\r\n- Operator Lagu Kebangsaan Indonesia Raya & Lagu Mars Jember. ','2021-08-25','16:03:00','Aula Waryaloka Pendopo Wahyawibawagraha lantai 2','- Sipil                   : Batik. \r\n- Pengurus AKD : PDH Khaky. ','Undangan VIP :\r\n1. Bupati Jember (Musda & Pengukuhan). \r\n\r\nUndangan OPD. Kabupaten Jember dan lainnya :\r\n1. Sekretaris Daerah (Pengukuhan) \r\n2. Ka. Dispemasdes (Musda & Pengukuhan). \r\n3. Kabag. Hukum (Pengukuhan)\r\n2. Peserta Musda & Pengukuhan : 28 orang Kades, diantaranya  sebagai Panitia Pemilihan Pengurus Asosiasi Kepala Desa Kabupaten Jember Tahun 2021 dan sebagai Koordinator Kecamatan (perwakilan seluruh Kades)','-','Rundown : MUSYAWARAH DAERAH ASOSIASI KEPALA DESA KABUPATEN JEMBER TAHUN 2021 sebagai berikut : \r\n\r\n???? Pukul 07.55 WIB Bupati Jember menuju lantai 2 Pendopo Waryaloka Wahyawibawagraha \r\n???? Pukul 08:00 WIB acara dimulai dengan susunan sebagai berikut :\r\n1. Menyanyikan Lagu Kebangsaan Indonesia Raya dan Lagu Mars Jember. \r\n2. Pembukaan acara. \r\n3. Pembacaan doa oleh Bpk. Farhan.\r\n4. Laporan Ketua Panitia Pemilihan Pengurus Asosiasi Kepala Desa Kabupaten Jember Tahun 2021 oleh Bpk. Sunaryo. \r\n4. Sambutan perwakilan Asosiasi Kepala Desa Provinsi Jawa Timur oleh Bpk. Bisma Pradana. \r\n5. Sambutan Bupati Jember sekaligus membuka secara resmi acara Musyawarah Daerah Asosiasi Kepala Desa Kabupaten Jember Tahun 2021.\r\n6. Acara berhenti sejenak untuk memberikan kesempatan Kepada Bupati Jember meninggalkan lokasi acara. \r\n7. Foto bersama, tentative. \r\n???? Doorstop media\r\n???? Acara dilanjutkan Musda AKD Kabupaten Jember Tahun 2021 oleh Panitia Musda. \r\n\r\n\r\nRundown : PENGUKUHAN PENGURUS ASOSIASI KEPALA DESA KABUPATEN JEMBER MASA BHAKTI TAHUN 2021 S/D TAHUN 2025.   \r\n\r\n???? Pukul 12.55 WIB Bupati Jember menuju lantai 2 pendopo Waryaloka Wahyawibawagraha \r\n???? Pukul 13.00 WIB acara dimulai dengan susunan sebagai berikut :\r\n1. Menyanyikan Lagu Kebangsaan Indonesia Raya dan Lagu Mars Jember\r\n2. Pembukaan acara\r\n3. Pembacaan Keputusan Hasil Musyawarah Daerah Asosiasi Kepala Desa Kabupaten Jember Masa Bhakti 2021-2025.\r\n4. Prosesi Pengukuhan Asosiasi Kepala Desa :\r\n- Pengurus Asosiasi Kepala Desa yang akan dikukuhkan dimohon berdiri. \r\n- Hadirin disilahkan berdiri, Bupati Jember disilahkan mengambil tempat. \r\n- Pembacaan Pengukuhan oleh Bupati Jember. \r\n- Bupati Jember disilahkan kembali ketempat, hadirin disilahkan duduk kembali. \r\n- Pengurus Asosiasi Kepala Desa Kabupaten Jember Masa Bhakti Tahun 2021 s/d Tahun 2025 yang sudah dikukuhkan disilahkan   duduk kembali\r\n5. Sambutan Ketua AKD terpilih\r\n6. Bupati Jember. \r\n7. Pembacaan doa oleh Bpk. Farhan. \r\n8. Selesai, Penutupan acara.\r\n9. Foto bersama. \r\n???? Doorstop media. \r\n???? Acara selesai Bupati dan Ka. Opd meninggalkan lokasi acara\r\n\r\n*Pelaksanaan acara ini mengikuti & memperhatikan syarat Protokol Kesehatan Covid-19.\r\n\r\nCatatan : \r\n-	 Undangan Wajib menyerahkan hasil swab antigen dengan hasil Negatip. \r\n-	 Hasil swab antigen hanya berlaku 1 hari\r\n-	 Swab dapat dilakukan di Poli Kesehatan Pemerintah Kabupaten Jember / Puskesmas terdekat (peserta AKD). \r\n- Mohon hadir ditempat acara 1 (satu) jam sebelum acara dimulai. ','1. Musda AKD : Model Clasroom. \r\n2. Pengukuhan pengurus AKD : Model Theatre, dengan posisi : Bupati dan Opd berada disisi barat hadap ke timur. Peserta Musda AKD hadap videotron.','-','02 Ambon\r\n (+62811-3253-009)\r\n03 Ambon\r\n (+62813-3652-0001)\r\n06 Ambon \r\n(+62851-0077-4299)\r\n08 Ambon\r\n(+62822-5715-8412)','Untuk kalangan sendiri','1629882358743.pdf','16298823587431.pdf',3,3,1,'2021-08-25 16:05:11','2021-08-25 16:14:17',NULL),(4,'MUSYAWARAH DAERAH ASOSIASI KEPALA DESA KABUPATEN JEMBER TAHUN 2021.  dan PENGUKUHAN PENGURUS ASOSIASI KEPALA DESA KABUPATEN JEMBER MASA BHAKTI TAHUN 2021 S/D TAHUN 2025. ','Sosialisasi','Pemkab Jember','Bupati','✅ Satpol PP\r\nMengamankan dan mengawasi keamanan tempat acara & area Pendopo Wahyawibawagraha. \r\n\r\n✅ Bagian Umum\r\n- Menyiapkan tempat acara di Aula Pendopo Wahyawibawagraha Lt.2\r\n- Penataan meja & kursi sesuai layout\r\n- Gardening\r\n- Sound System\r\n- Podium\r\n\r\n✅ Bagian Dispesmasdes\r\n- Menyiapkan materi\r\n- Berkoordinasi dengan Asosiasi Kepala Desa. \r\n- Menghadirkan Pengurus Asosiasi Kepala Desa. \r\n- Menyiapkan absen daftar hadir & petugasnya acara Musda & acara Pengukuhan\r\n\r\n✅ Bagian Protokol dan Komunikasi Pimpinan\r\n- menyiapkan MC dan dirigen\r\n- Penyusunan Standart Operasional Prosedur Acara. \r\n- Petugas Protokoler (tata tempat, tata acara);\r\n- Pembuatan undangan VIP;\r\n- SMS / WA Center OPD. \r\n- Videotron\r\n\r\n✅ Dinas Kesehatan\r\n- Penyiapan kelengkapan Swab antigen\r\n\r\n✅ Diskominfo\r\n- Penyiapan Media dan tim liputan\r\n- Operator Lagu Kebangsaan Indonesia Raya & Lagu Mars Jember. ','2021-08-25','16:08:00','Aula Waryaloka Pendopo Wahyawibawagraha lantai 2.','- Sipil                   : Batik. \r\n- Pengurus AKD : PDH Khaky. ','Undangan VIP :\r\n1. Bupati Jember (Musda & Pengukuhan). \r\n\r\nUndangan OPD. Kabupaten Jember dan lainnya :\r\n1. Sekretaris Daerah (Pengukuhan) \r\n2. Ka. Dispemasdes (Musda & Pengukuhan). \r\n3. Kabag. Hukum (Pengukuhan)\r\n2. Peserta Musda & Pengukuhan : 28 orang Kades, diantaranya  sebagai Panitia Pemilihan Pengurus Asosiasi Kepala Desa Kabupaten Jember Tahun 2021 dan sebagai Koordinator Kecamatan (perwakilan seluruh Kades)','-','Rundown : MUSYAWARAH DAERAH ASOSIASI KEPALA DESA KABUPATEN JEMBER TAHUN 2021 sebagai berikut : \r\n\r\n???? Pukul 07.55 WIB Bupati Jember menuju lantai 2 Pendopo Waryaloka Wahyawibawagraha \r\n???? Pukul 08:00 WIB acara dimulai dengan susunan sebagai berikut :\r\n1. Menyanyikan Lagu Kebangsaan Indonesia Raya dan Lagu Mars Jember. \r\n2. Pembukaan acara. \r\n3. Pembacaan doa oleh Bpk. Farhan.\r\n4. Laporan Ketua Panitia Pemilihan Pengurus Asosiasi Kepala Desa Kabupaten Jember Tahun 2021 oleh Bpk. Sunaryo. \r\n4. Sambutan perwakilan Asosiasi Kepala Desa Provinsi Jawa Timur oleh Bpk. Bisma Pradana. \r\n5. Sambutan Bupati Jember sekaligus membuka secara resmi acara Musyawarah Daerah Asosiasi Kepala Desa Kabupaten Jember Tahun 2021.\r\n6. Acara berhenti sejenak untuk memberikan kesempatan Kepada Bupati Jember meninggalkan lokasi acara. \r\n7. Foto bersama, tentative. \r\n???? Doorstop media\r\n???? Acara dilanjutkan Musda AKD Kabupaten Jember Tahun 2021 oleh Panitia Musda. \r\n\r\n\r\nRundown : PENGUKUHAN PENGURUS ASOSIASI KEPALA DESA KABUPATEN JEMBER MASA BHAKTI TAHUN 2021 S/D TAHUN 2025.   \r\n\r\n???? Pukul 12.55 WIB Bupati Jember menuju lantai 2 pendopo Waryaloka Wahyawibawagraha \r\n???? Pukul 13.00 WIB acara dimulai dengan susunan sebagai berikut :\r\n1. Menyanyikan Lagu Kebangsaan Indonesia Raya dan Lagu Mars Jember\r\n2. Pembukaan acara\r\n3. Pembacaan Keputusan Hasil Musyawarah Daerah Asosiasi Kepala Desa Kabupaten Jember Masa Bhakti 2021-2025.\r\n4. Prosesi Pengukuhan Asosiasi Kepala Desa :\r\n- Pengurus Asosiasi Kepala Desa yang akan dikukuhkan dimohon berdiri. \r\n- Hadirin disilahkan berdiri, Bupati Jember disilahkan mengambil tempat. \r\n- Pembacaan Pengukuhan oleh Bupati Jember. \r\n- Bupati Jember disilahkan kembali ketempat, hadirin disilahkan duduk kembali. \r\n- Pengurus Asosiasi Kepala Desa Kabupaten Jember Masa Bhakti Tahun 2021 s/d Tahun 2025 yang sudah dikukuhkan disilahkan   duduk kembali\r\n5. Sambutan Ketua AKD terpilih\r\n6. Bupati Jember. \r\n7. Pembacaan doa oleh Bpk. Farhan. \r\n8. Selesai, Penutupan acara.\r\n9. Foto bersama. \r\n???? Doorstop media. \r\n???? Acara selesai Bupati dan Ka. Opd meninggalkan lokasi acara\r\n\r\n*Pelaksanaan acara ini mengikuti & memperhatikan syarat Protokol Kesehatan Covid-19.\r\n\r\nCatatan : \r\n-	 Undangan Wajib menyerahkan hasil swab antigen dengan hasil Negatip. \r\n-	 Hasil swab antigen hanya berlaku 1 hari\r\n-	 Swab dapat dilakukan di Poli Kesehatan Pemerintah Kabupaten Jember / Puskesmas terdekat (peserta AKD). \r\n- Mohon hadir ditempat acara 1 (satu) jam sebelum acara dimulai. ','1. Musda AKD : Model Clasroom. \r\n2. Pengukuhan pengurus AKD : Model Theatre, dengan posisi : Bupati dan Opd berada disisi barat hadap ke timur. Peserta Musda AKD hadap videotron. ','-','02 Ambon\r\n (+62811-3253-009)\r\n03 Ambon\r\n (+62813-3652-0001)\r\n06 Ambon \r\n(+62851-0077-4299)\r\n08 Ambon\r\n(+62822-5715-8412)','Untuk kalangan sendiri','1629882514151.pdf','16298825141511.pdf',3,3,1,'2021-08-25 16:08:34','2021-08-25 16:14:17',NULL),(5,'MUSYAWARAH DAERAH ASOSIASI KEPALA DESA KABUPATEN JEMBER TAHUN 2021.  dan PENGUKUHAN PENGURUS ASOSIASI KEPALA DESA KABUPATEN JEMBER MASA BHAKTI TAHUN 2021 S/D TAHUN 2025. ','Sosialisasi','Pemkab Jember','Bupati','✅ Satpol PP\r\nMengamankan dan mengawasi keamanan tempat acara & area Pendopo Wahyawibawagraha. \r\n\r\n✅ Bagian Umum\r\n- Menyiapkan tempat acara di Aula Pendopo Wahyawibawagraha Lt.2\r\n- Penataan meja & kursi sesuai layout\r\n- Gardening\r\n- Sound System\r\n- Podium\r\n\r\n✅ Bagian Dispesmasdes\r\n- Menyiapkan materi\r\n- Berkoordinasi dengan Asosiasi Kepala Desa. \r\n- Menghadirkan Pengurus Asosiasi Kepala Desa. \r\n- Menyiapkan absen daftar hadir & petugasnya acara Musda & acara Pengukuhan\r\n\r\n✅ Bagian Protokol dan Komunikasi Pimpinan\r\n- menyiapkan MC dan dirigen\r\n- Penyusunan Standart Operasional Prosedur Acara. \r\n- Petugas Protokoler (tata tempat, tata acara);\r\n- Pembuatan undangan VIP;\r\n- SMS / WA Center OPD. \r\n- Videotron\r\n\r\n✅ Dinas Kesehatan\r\n- Penyiapan kelengkapan Swab antigen\r\n\r\n✅ Diskominfo\r\n- Penyiapan Media dan tim liputan\r\n- Operator Lagu Kebangsaan Indonesia Raya & Lagu Mars Jember. ','2021-08-25','16:10:00','Aula Waryaloka Pendopo Wahyawibawagraha lantai 2.','- Sipil                   : Batik. \r\n- Pengurus AKD : PDH Khaky. ','Undangan VIP :\r\n1. Bupati Jember (Musda & Pengukuhan). \r\n\r\nUndangan OPD. Kabupaten Jember dan lainnya :\r\n1. Sekretaris Daerah (Pengukuhan) \r\n2. Ka. Dispemasdes (Musda & Pengukuhan). \r\n3. Kabag. Hukum (Pengukuhan)\r\n2. Peserta Musda & Pengukuhan : 28 orang Kades, diantaranya  sebagai Panitia Pemilihan Pengurus Asosiasi Kepala Desa Kabupaten Jember Tahun 2021 dan sebagai Koordinator Kecamatan (perwakilan seluruh Kades)\r\n','-','Rundown : MUSYAWARAH DAERAH ASOSIASI KEPALA DESA KABUPATEN JEMBER TAHUN 2021 sebagai berikut : \r\n\r\n???? Pukul 07.55 WIB Bupati Jember menuju lantai 2 Pendopo Waryaloka Wahyawibawagraha \r\n???? Pukul 08:00 WIB acara dimulai dengan susunan sebagai berikut :\r\n1. Menyanyikan Lagu Kebangsaan Indonesia Raya dan Lagu Mars Jember. \r\n2. Pembukaan acara. \r\n3. Pembacaan doa oleh Bpk. Farhan.\r\n4. Laporan Ketua Panitia Pemilihan Pengurus Asosiasi Kepala Desa Kabupaten Jember Tahun 2021 oleh Bpk. Sunaryo. \r\n4. Sambutan perwakilan Asosiasi Kepala Desa Provinsi Jawa Timur oleh Bpk. Bisma Pradana. \r\n5. Sambutan Bupati Jember sekaligus membuka secara resmi acara Musyawarah Daerah Asosiasi Kepala Desa Kabupaten Jember Tahun 2021.\r\n6. Acara berhenti sejenak untuk memberikan kesempatan Kepada Bupati Jember meninggalkan lokasi acara. \r\n7. Foto bersama, tentative. \r\n???? Doorstop media\r\n???? Acara dilanjutkan Musda AKD Kabupaten Jember Tahun 2021 oleh Panitia Musda. \r\n\r\n\r\nRundown : PENGUKUHAN PENGURUS ASOSIASI KEPALA DESA KABUPATEN JEMBER MASA BHAKTI TAHUN 2021 S/D TAHUN 2025.   \r\n\r\n???? Pukul 12.55 WIB Bupati Jember menuju lantai 2 pendopo Waryaloka Wahyawibawagraha \r\n???? Pukul 13.00 WIB acara dimulai dengan susunan sebagai berikut :\r\n1. Menyanyikan Lagu Kebangsaan Indonesia Raya dan Lagu Mars Jember\r\n2. Pembukaan acara\r\n3. Pembacaan Keputusan Hasil Musyawarah Daerah Asosiasi Kepala Desa Kabupaten Jember Masa Bhakti 2021-2025.\r\n4. Prosesi Pengukuhan Asosiasi Kepala Desa :\r\n- Pengurus Asosiasi Kepala Desa yang akan dikukuhkan dimohon berdiri. \r\n- Hadirin disilahkan berdiri, Bupati Jember disilahkan mengambil tempat. \r\n- Pembacaan Pengukuhan oleh Bupati Jember. \r\n- Bupati Jember disilahkan kembali ketempat, hadirin disilahkan duduk kembali. \r\n- Pengurus Asosiasi Kepala Desa Kabupaten Jember Masa Bhakti Tahun 2021 s/d Tahun 2025 yang sudah dikukuhkan disilahkan   duduk kembali\r\n5. Sambutan Ketua AKD terpilih\r\n6. Bupati Jember. \r\n7. Pembacaan doa oleh Bpk. Farhan. \r\n8. Selesai, Penutupan acara.\r\n9. Foto bersama. \r\n???? Doorstop media. \r\n???? Acara selesai Bupati dan Ka. Opd meninggalkan lokasi acara\r\n\r\n*Pelaksanaan acara ini mengikuti & memperhatikan syarat Protokol Kesehatan Covid-19.\r\n\r\nCatatan : \r\n-	 Undangan Wajib menyerahkan hasil swab antigen dengan hasil Negatip. \r\n-	 Hasil swab antigen hanya berlaku 1 hari\r\n-	 Swab dapat dilakukan di Poli Kesehatan Pemerintah Kabupaten Jember / Puskesmas terdekat (peserta AKD). \r\n- Mohon hadir ditempat acara 1 (satu) jam sebelum acara dimulai. ','1. Musda AKD : Model Clasroom. \r\n2. Pengukuhan pengurus AKD : Model Theatre, dengan posisi : Bupati dan Opd berada disisi barat hadap ke timur. Peserta Musda AKD hadap videotron. ','-','02 Ambon\r\n (+62811-3253-009)\r\n03 Ambon\r\n (+62813-3652-0001)\r\n06 Ambon \r\n(+62851-0077-4299)\r\n08 Ambon\r\n(+62822-5715-8412)','Untuk kalangan sendiri','1629882681515.pdf','16298826815151.pdf',3,3,1,'2021-08-25 16:11:21','2021-08-25 16:14:17',NULL),(6,'MUSYAWARAH DAERAH ASOSIASI KEPALA DESA KABUPATEN JEMBER TAHUN 2021.  dan PENGUKUHAN PENGURUS ASOSIASI KEPALA DESA KABUPATEN JEMBER MASA BHAKTI TAHUN 2021 S/D TAHUN 2025.','Sosialisasi','Pemkab Jember','Wakil Bupati','\r\n✅ Satpol PP\r\nMengamankan dan mengawasi keamanan tempat acara & area Pendopo Wahyawibawagraha. \r\n\r\n✅ Bagian Umum\r\n- Menyiapkan tempat acara di Aula Pendopo Wahyawibawagraha Lt.2\r\n- Penataan meja & kursi sesuai layout\r\n- Gardening\r\n- Sound System\r\n- Podium\r\n\r\n✅ Bagian Dispesmasdes\r\n- Menyiapkan materi\r\n- Berkoordinasi dengan Asosiasi Kepala Desa. \r\n- Menghadirkan Pengurus Asosiasi Kepala Desa. \r\n- Menyiapkan absen daftar hadir & petugasnya acara Musda & acara Pengukuhan\r\n\r\n✅ Bagian Protokol dan Komunikasi Pimpinan\r\n- menyiapkan MC dan dirigen\r\n- Penyusunan Standart Operasional Prosedur Acara. \r\n- Petugas Protokoler (tata tempat, tata acara);\r\n- Pembuatan undangan VIP;\r\n- SMS / WA Center OPD. \r\n- Videotron\r\n\r\n✅ Dinas Kesehatan\r\n- Penyiapan kelengkapan Swab antigen\r\n\r\n✅ Diskominfo\r\n- Penyiapan Media dan tim liputan\r\n- Operator Lagu Kebangsaan Indonesia Raya & Lagu Mars Jember. ','2021-08-24','18:06:00','Aula Waryaloka Pendopo Wahyawibawagraha lantai 2.','- Sipil                   : Batik. \r\n- Pengurus AKD : PDH Khaky. ','Undangan VIP :\r\n1. Bupati Jember (Musda & Pengukuhan). \r\n\r\nUndangan OPD. Kabupaten Jember dan lainnya :\r\n1. Sekretaris Daerah (Pengukuhan) \r\n2. Ka. Dispemasdes (Musda & Pengukuhan). \r\n3. Kabag. Hukum (Pengukuhan)\r\n2. Peserta Musda & Pengukuhan : 28 orang Kades, diantaranya  sebagai Panitia Pemilihan Pengurus Asosiasi Kepala Desa Kabupaten Jember Tahun 2021 dan sebagai Koordinator Kecamatan (perwakilan seluruh Kades)','-','Rundown : MUSYAWARAH DAERAH ASOSIASI KEPALA DESA KABUPATEN JEMBER TAHUN 2021 sebagai berikut : \r\n\r\n???? Pukul 07.55 WIB Bupati Jember menuju lantai 2 Pendopo Waryaloka Wahyawibawagraha \r\n???? Pukul 08:00 WIB acara dimulai dengan susunan sebagai berikut :\r\n1. Menyanyikan Lagu Kebangsaan Indonesia Raya dan Lagu Mars Jember. \r\n2. Pembukaan acara. \r\n3. Pembacaan doa oleh Bpk. Farhan.\r\n4. Laporan Ketua Panitia Pemilihan Pengurus Asosiasi Kepala Desa Kabupaten Jember Tahun 2021 oleh Bpk. Sunaryo. \r\n4. Sambutan perwakilan Asosiasi Kepala Desa Provinsi Jawa Timur oleh Bpk. Bisma Pradana. \r\n5. Sambutan Bupati Jember sekaligus membuka secara resmi acara Musyawarah Daerah Asosiasi Kepala Desa Kabupaten Jember Tahun 2021.\r\n6. Acara berhenti sejenak untuk memberikan kesempatan Kepada Bupati Jember meninggalkan lokasi acara. \r\n7. Foto bersama, tentative. \r\n???? Doorstop media\r\n???? Acara dilanjutkan Musda AKD Kabupaten Jember Tahun 2021 oleh Panitia Musda. \r\n\r\n\r\nRundown : PENGUKUHAN PENGURUS ASOSIASI KEPALA DESA KABUPATEN JEMBER MASA BHAKTI TAHUN 2021 S/D TAHUN 2025.   \r\n\r\n???? Pukul 12.55 WIB Bupati Jember menuju lantai 2 pendopo Waryaloka Wahyawibawagraha \r\n???? Pukul 13.00 WIB acara dimulai dengan susunan sebagai berikut :\r\n1. Menyanyikan Lagu Kebangsaan Indonesia Raya dan Lagu Mars Jember\r\n2. Pembukaan acara\r\n3. Pembacaan Keputusan Hasil Musyawarah Daerah Asosiasi Kepala Desa Kabupaten Jember Masa Bhakti 2021-2025.\r\n4. Prosesi Pengukuhan Asosiasi Kepala Desa :\r\n- Pengurus Asosiasi Kepala Desa yang akan dikukuhkan dimohon berdiri. \r\n- Hadirin disilahkan berdiri, Bupati Jember disilahkan mengambil tempat. \r\n- Pembacaan Pengukuhan oleh Bupati Jember. \r\n- Bupati Jember disilahkan kembali ketempat, hadirin disilahkan duduk kembali. \r\n- Pengurus Asosiasi Kepala Desa Kabupaten Jember Masa Bhakti Tahun 2021 s/d Tahun 2025 yang sudah dikukuhkan disilahkan   duduk kembali\r\n5. Sambutan Ketua AKD terpilih\r\n6. Bupati Jember. \r\n7. Pembacaan doa oleh Bpk. Farhan. \r\n8. Selesai, Penutupan acara.\r\n9. Foto bersama. \r\n???? Doorstop media. \r\n???? Acara selesai Bupati dan Ka. Opd meninggalkan lokasi acara\r\n\r\n*Pelaksanaan acara ini mengikuti & memperhatikan syarat Protokol Kesehatan Covid-19.\r\n\r\nCatatan : \r\n-	 Undangan Wajib menyerahkan hasil swab antigen dengan hasil Negatip. \r\n-	 Hasil swab antigen hanya berlaku 1 hari\r\n-	 Swab dapat dilakukan di Poli Kesehatan Pemerintah Kabupaten Jember / Puskesmas terdekat (peserta AKD). \r\n- Mohon hadir ditempat acara 1 (satu) jam sebelum acara dimulai. ','1. Musda AKD : Model Clasroom. \r\n2. Pengukuhan pengurus AKD : Model Theatre, dengan posisi : Bupati dan Opd berada disisi barat hadap ke timur. Peserta Musda AKD hadap videotron. ','-','02 Ambon\r\n (+62811-3253-009)\r\n03 Ambon\r\n (+62813-3652-0001)\r\n06 Ambon \r\n(+62851-0077-4299)\r\n08 Ambon\r\n(+62822-5715-8412)','Untuk kalangan sendiri','1629889705973.pdf','16298897059731.pdf',3,3,1,'2021-08-25 18:08:25','2021-08-25 18:08:25',NULL),(7,'MUSYAWARAH DAERAH ASOSIASI KEPALA DESA KABUPATEN JEMBER TAHUN 2021.  dan PENGUKUHAN PENGURUS ASOSIASI KEPALA DESA KABUPATEN JEMBER MASA BHAKTI TAHUN 2021 S/D TAHUN 2025. ','Sosialisasi','Pemkab Jember','Wakil Bupati','✅ Satpol PP\r\nMengamankan dan mengawasi keamanan tempat acara & area Pendopo Wahyawibawagraha. \r\n\r\n✅ Bagian Umum\r\n- Menyiapkan tempat acara di Aula Pendopo Wahyawibawagraha Lt.2\r\n- Penataan meja & kursi sesuai layout\r\n- Gardening\r\n- Sound System\r\n- Podium\r\n\r\n✅ Bagian Dispesmasdes\r\n- Menyiapkan materi\r\n- Berkoordinasi dengan Asosiasi Kepala Desa. \r\n- Menghadirkan Pengurus Asosiasi Kepala Desa. \r\n- Menyiapkan absen daftar hadir & petugasnya acara Musda & acara Pengukuhan\r\n\r\n✅ Bagian Protokol dan Komunikasi Pimpinan\r\n- menyiapkan MC dan dirigen\r\n- Penyusunan Standart Operasional Prosedur Acara. \r\n- Petugas Protokoler (tata tempat, tata acara);\r\n- Pembuatan undangan VIP;\r\n- SMS / WA Center OPD. \r\n- Videotron\r\n\r\n✅ Dinas Kesehatan\r\n- Penyiapan kelengkapan Swab antigen\r\n\r\n✅ Diskominfo\r\n- Penyiapan Media dan tim liputan\r\n- Operator Lagu Kebangsaan Indonesia Raya & Lagu Mars Jember. ','2021-08-24','18:10:00','Aula Waryaloka Pendopo Wahyawibawagraha lantai 2.','- Sipil                   : Batik. \r\n- Pengurus AKD : PDH Khaky. ','Undangan VIP :\r\n1. Bupati Jember (Musda & Pengukuhan). \r\n\r\nUndangan OPD. Kabupaten Jember dan lainnya :\r\n1. Sekretaris Daerah (Pengukuhan) \r\n2. Ka. Dispemasdes (Musda & Pengukuhan). \r\n3. Kabag. Hukum (Pengukuhan)\r\n2. Peserta Musda & Pengukuhan : 28 orang Kades, diantaranya  sebagai Panitia Pemilihan Pengurus Asosiasi Kepala Desa Kabupaten Jember Tahun 2021 dan sebagai Koordinator Kecamatan (perwakilan seluruh Kades)','-','Rundown : MUSYAWARAH DAERAH ASOSIASI KEPALA DESA KABUPATEN JEMBER TAHUN 2021 sebagai berikut : \r\n\r\n???? Pukul 07.55 WIB Bupati Jember menuju lantai 2 Pendopo Waryaloka Wahyawibawagraha \r\n???? Pukul 08:00 WIB acara dimulai dengan susunan sebagai berikut :\r\n1. Menyanyikan Lagu Kebangsaan Indonesia Raya dan Lagu Mars Jember. \r\n2. Pembukaan acara. \r\n3. Pembacaan doa oleh Bpk. Farhan.\r\n4. Laporan Ketua Panitia Pemilihan Pengurus Asosiasi Kepala Desa Kabupaten Jember Tahun 2021 oleh Bpk. Sunaryo. \r\n4. Sambutan perwakilan Asosiasi Kepala Desa Provinsi Jawa Timur oleh Bpk. Bisma Pradana. \r\n5. Sambutan Bupati Jember sekaligus membuka secara resmi acara Musyawarah Daerah Asosiasi Kepala Desa Kabupaten Jember Tahun 2021.\r\n6. Acara berhenti sejenak untuk memberikan kesempatan Kepada Bupati Jember meninggalkan lokasi acara. \r\n7. Foto bersama, tentative. \r\n???? Doorstop media\r\n???? Acara dilanjutkan Musda AKD Kabupaten Jember Tahun 2021 oleh Panitia Musda. \r\n\r\n\r\nRundown : PENGUKUHAN PENGURUS ASOSIASI KEPALA DESA KABUPATEN JEMBER MASA BHAKTI TAHUN 2021 S/D TAHUN 2025.   \r\n\r\n???? Pukul 12.55 WIB Bupati Jember menuju lantai 2 pendopo Waryaloka Wahyawibawagraha \r\n???? Pukul 13.00 WIB acara dimulai dengan susunan sebagai berikut :\r\n1. Menyanyikan Lagu Kebangsaan Indonesia Raya dan Lagu Mars Jember\r\n2. Pembukaan acara\r\n3. Pembacaan Keputusan Hasil Musyawarah Daerah Asosiasi Kepala Desa Kabupaten Jember Masa Bhakti 2021-2025.\r\n4. Prosesi Pengukuhan Asosiasi Kepala Desa :\r\n- Pengurus Asosiasi Kepala Desa yang akan dikukuhkan dimohon berdiri. \r\n- Hadirin disilahkan berdiri, Bupati Jember disilahkan mengambil tempat. \r\n- Pembacaan Pengukuhan oleh Bupati Jember. \r\n- Bupati Jember disilahkan kembali ketempat, hadirin disilahkan duduk kembali. \r\n- Pengurus Asosiasi Kepala Desa Kabupaten Jember Masa Bhakti Tahun 2021 s/d Tahun 2025 yang sudah dikukuhkan disilahkan   duduk kembali\r\n5. Sambutan Ketua AKD terpilih\r\n6. Bupati Jember. \r\n7. Pembacaan doa oleh Bpk. Farhan. \r\n8. Selesai, Penutupan acara.\r\n9. Foto bersama. \r\n???? Doorstop media. \r\n???? Acara selesai Bupati dan Ka. Opd meninggalkan lokasi acara\r\n\r\n*Pelaksanaan acara ini mengikuti & memperhatikan syarat Protokol Kesehatan Covid-19.\r\n\r\nCatatan : \r\n-	 Undangan Wajib menyerahkan hasil swab antigen dengan hasil Negatip. \r\n-	 Hasil swab antigen hanya berlaku 1 hari\r\n-	 Swab dapat dilakukan di Poli Kesehatan Pemerintah Kabupaten Jember / Puskesmas terdekat (peserta AKD). \r\n- Mohon hadir ditempat acara 1 (satu) jam sebelum acara dimulai. ','1. Musda AKD : Model Clasroom. \r\n2. Pengukuhan pengurus AKD : Model Theatre, dengan posisi : Bupati dan Opd berada disisi barat hadap ke timur. Peserta Musda AKD hadap videotron.','-','02 Ambon\r\n (+62811-3253-009)\r\n03 Ambon\r\n (+62813-3652-0001)\r\n06 Ambon \r\n(+62851-0077-4299)\r\n08 Ambon\r\n(+62822-5715-8412)','Untuk kalangan sendiri','1629890057700.pdf','16298900577001.pdf',3,3,1,'2021-08-25 18:14:18','2021-08-25 18:14:18',NULL),(8,'MUSYAWARAH DAERAH ASOSIASI KEPALA DESA KABUPATEN JEMBER TAHUN 2021.  dan PENGUKUHAN PENGURUS ASOSIASI KEPALA DESA KABUPATEN JEMBER MASA BHAKTI TAHUN 2021 S/D TAHUN 2025. ','Sosialisasi','Pemkab Jember','Bupati','✅ Satpol PP\r\nMengamankan dan mengawasi keamanan tempat acara & area Pendopo Wahyawibawagraha. \r\n\r\n✅ Bagian Umum\r\n- Menyiapkan tempat acara di Aula Pendopo Wahyawibawagraha Lt.2\r\n- Penataan meja & kursi sesuai layout\r\n- Gardening\r\n- Sound System\r\n- Podium\r\n\r\n✅ Bagian Dispesmasdes\r\n- Menyiapkan materi\r\n- Berkoordinasi dengan Asosiasi Kepala Desa. \r\n- Menghadirkan Pengurus Asosiasi Kepala Desa. \r\n- Menyiapkan absen daftar hadir & petugasnya acara Musda & acara Pengukuhan\r\n\r\n✅ Bagian Protokol dan Komunikasi Pimpinan\r\n- menyiapkan MC dan dirigen\r\n- Penyusunan Standart Operasional Prosedur Acara. \r\n- Petugas Protokoler (tata tempat, tata acara);\r\n- Pembuatan undangan VIP;\r\n- SMS / WA Center OPD. \r\n- Videotron\r\n\r\n✅ Dinas Kesehatan\r\n- Penyiapan kelengkapan Swab antigen\r\n\r\n✅ Diskominfo\r\n- Penyiapan Media dan tim liputan\r\n- Operator Lagu Kebangsaan Indonesia Raya & Lagu Mars Jember. ','2021-08-24','18:25:00','Aula Waryaloka Pendopo Wahyawibawagraha lantai 2.','- Sipil                   : Batik. \r\n- Pengurus AKD : PDH Khaky. ','Undangan VIP :\r\n1. Bupati Jember (Musda & Pengukuhan). \r\n\r\nUndangan OPD. Kabupaten Jember dan lainnya :\r\n1. Sekretaris Daerah (Pengukuhan) \r\n2. Ka. Dispemasdes (Musda & Pengukuhan). \r\n3. Kabag. Hukum (Pengukuhan)\r\n2. Peserta Musda & Pengukuhan : 28 orang Kades, diantaranya  sebagai Panitia Pemilihan Pengurus Asosiasi Kepala Desa Kabupaten Jember Tahun 2021 dan sebagai Koordinator Kecamatan (perwakilan seluruh Kades)','-','Rundown : MUSYAWARAH DAERAH ASOSIASI KEPALA DESA KABUPATEN JEMBER TAHUN 2021 sebagai berikut : \r\n\r\n???? Pukul 07.55 WIB Bupati Jember menuju lantai 2 Pendopo Waryaloka Wahyawibawagraha \r\n???? Pukul 08:00 WIB acara dimulai dengan susunan sebagai berikut :\r\n1. Menyanyikan Lagu Kebangsaan Indonesia Raya dan Lagu Mars Jember. \r\n2. Pembukaan acara. \r\n3. Pembacaan doa oleh Bpk. Farhan.\r\n4. Laporan Ketua Panitia Pemilihan Pengurus Asosiasi Kepala Desa Kabupaten Jember Tahun 2021 oleh Bpk. Sunaryo. \r\n4. Sambutan perwakilan Asosiasi Kepala Desa Provinsi Jawa Timur oleh Bpk. Bisma Pradana. \r\n5. Sambutan Bupati Jember sekaligus membuka secara resmi acara Musyawarah Daerah Asosiasi Kepala Desa Kabupaten Jember Tahun 2021.\r\n6. Acara berhenti sejenak untuk memberikan kesempatan Kepada Bupati Jember meninggalkan lokasi acara. \r\n7. Foto bersama, tentative. \r\n???? Doorstop media\r\n???? Acara dilanjutkan Musda AKD Kabupaten Jember Tahun 2021 oleh Panitia Musda. \r\n\r\n\r\nRundown : PENGUKUHAN PENGURUS ASOSIASI KEPALA DESA KABUPATEN JEMBER MASA BHAKTI TAHUN 2021 S/D TAHUN 2025.   \r\n\r\n???? Pukul 12.55 WIB Bupati Jember menuju lantai 2 pendopo Waryaloka Wahyawibawagraha \r\n???? Pukul 13.00 WIB acara dimulai dengan susunan sebagai berikut :\r\n1. Menyanyikan Lagu Kebangsaan Indonesia Raya dan Lagu Mars Jember\r\n2. Pembukaan acara\r\n3. Pembacaan Keputusan Hasil Musyawarah Daerah Asosiasi Kepala Desa Kabupaten Jember Masa Bhakti 2021-2025.\r\n4. Prosesi Pengukuhan Asosiasi Kepala Desa :\r\n- Pengurus Asosiasi Kepala Desa yang akan dikukuhkan dimohon berdiri. \r\n- Hadirin disilahkan berdiri, Bupati Jember disilahkan mengambil tempat. \r\n- Pembacaan Pengukuhan oleh Bupati Jember. \r\n- Bupati Jember disilahkan kembali ketempat, hadirin disilahkan duduk kembali. \r\n- Pengurus Asosiasi Kepala Desa Kabupaten Jember Masa Bhakti Tahun 2021 s/d Tahun 2025 yang sudah dikukuhkan disilahkan   duduk kembali\r\n5. Sambutan Ketua AKD terpilih\r\n6. Bupati Jember. \r\n7. Pembacaan doa oleh Bpk. Farhan. \r\n8. Selesai, Penutupan acara.\r\n9. Foto bersama. \r\n???? Doorstop media. \r\n???? Acara selesai Bupati dan Ka. Opd meninggalkan lokasi acara\r\n\r\n*Pelaksanaan acara ini mengikuti & memperhatikan syarat Protokol Kesehatan Covid-19.\r\n\r\nCatatan : \r\n-	 Undangan Wajib menyerahkan hasil swab antigen dengan hasil Negatip. \r\n-	 Hasil swab antigen hanya berlaku 1 hari\r\n-	 Swab dapat dilakukan di Poli Kesehatan Pemerintah Kabupaten Jember / Puskesmas terdekat (peserta AKD). \r\n- Mohon hadir ditempat acara 1 (satu) jam sebelum acara dimulai. ','1. Musda AKD : Model Clasroom. \r\n2. Pengukuhan pengurus AKD : Model Theatre, dengan posisi : Bupati dan Opd berada disisi barat hadap ke timur. Peserta Musda AKD hadap videotron.','-','02 Ambon\r\n (+62811-3253-009)\r\n03 Ambon\r\n (+62813-3652-0001)\r\n06 Ambon \r\n(+62851-0077-4299)\r\n08 Ambon\r\n(+62822-5715-8412)','Untuk kalangan sendiri','1629890786360.pdf','16298907863601.pdf',3,3,1,'2021-08-25 18:26:26','2021-08-25 18:26:26',NULL),(9,'MUSYAWARAH DAERAH ASOSIASI KEPALA DESA KABUPATEN JEMBER TAHUN 2021.  dan PENGUKUHAN PENGURUS ASOSIASI KEPALA DESA KABUPATEN JEMBER MASA BHAKTI TAHUN 2021 S/D TAHUN 2025. ','Sosialisasi','Pemkab Jember','Wakil Bupati','✅ Satpol PP\r\nMengamankan dan mengawasi keamanan tempat acara & area Pendopo Wahyawibawagraha. \r\n\r\n✅ Bagian Umum\r\n- Menyiapkan tempat acara di Aula Pendopo Wahyawibawagraha Lt.2\r\n- Penataan meja & kursi sesuai layout\r\n- Gardening\r\n- Sound System\r\n- Podium\r\n\r\n✅ Bagian Dispesmasdes\r\n- Menyiapkan materi\r\n- Berkoordinasi dengan Asosiasi Kepala Desa. \r\n- Menghadirkan Pengurus Asosiasi Kepala Desa. \r\n- Menyiapkan absen daftar hadir & petugasnya acara Musda & acara Pengukuhan\r\n\r\n✅ Bagian Protokol dan Komunikasi Pimpinan\r\n- menyiapkan MC dan dirigen\r\n- Penyusunan Standart Operasional Prosedur Acara. \r\n- Petugas Protokoler (tata tempat, tata acara);\r\n- Pembuatan undangan VIP;\r\n- SMS / WA Center OPD. \r\n- Videotron\r\n\r\n✅ Dinas Kesehatan\r\n- Penyiapan kelengkapan Swab antigen\r\n\r\n✅ Diskominfo\r\n- Penyiapan Media dan tim liputan\r\n- Operator Lagu Kebangsaan Indonesia Raya & Lagu Mars Jember. ','2021-08-24','19:28:00','Aula Waryaloka Pendopo Wahyawibawagraha lantai 2.','- Sipil                   : Batik. \r\n- Pengurus AKD : PDH Khaky. ','Undangan VIP :\r\n1. Bupati Jember (Musda & Pengukuhan). \r\n\r\nUndangan OPD. Kabupaten Jember dan lainnya :\r\n1. Sekretaris Daerah (Pengukuhan) \r\n2. Ka. Dispemasdes (Musda & Pengukuhan). \r\n3. Kabag. Hukum (Pengukuhan)\r\n2. Peserta Musda & Pengukuhan : 28 orang Kades, diantaranya  sebagai Panitia Pemilihan Pengurus Asosiasi Kepala Desa Kabupaten Jember Tahun 2021 dan sebagai Koordinator Kecamatan (perwakilan seluruh Kades)','-','Rundown : MUSYAWARAH DAERAH ASOSIASI KEPALA DESA KABUPATEN JEMBER TAHUN 2021 sebagai berikut : \r\n\r\n???? Pukul 07.55 WIB Bupati Jember menuju lantai 2 Pendopo Waryaloka Wahyawibawagraha \r\n???? Pukul 08:00 WIB acara dimulai dengan susunan sebagai berikut :\r\n1. Menyanyikan Lagu Kebangsaan Indonesia Raya dan Lagu Mars Jember. \r\n2. Pembukaan acara. \r\n3. Pembacaan doa oleh Bpk. Farhan.\r\n4. Laporan Ketua Panitia Pemilihan Pengurus Asosiasi Kepala Desa Kabupaten Jember Tahun 2021 oleh Bpk. Sunaryo. \r\n4. Sambutan perwakilan Asosiasi Kepala Desa Provinsi Jawa Timur oleh Bpk. Bisma Pradana. \r\n5. Sambutan Bupati Jember sekaligus membuka secara resmi acara Musyawarah Daerah Asosiasi Kepala Desa Kabupaten Jember Tahun 2021.\r\n6. Acara berhenti sejenak untuk memberikan kesempatan Kepada Bupati Jember meninggalkan lokasi acara. \r\n7. Foto bersama, tentative. \r\n???? Doorstop media\r\n???? Acara dilanjutkan Musda AKD Kabupaten Jember Tahun 2021 oleh Panitia Musda. \r\n\r\n\r\nRundown : PENGUKUHAN PENGURUS ASOSIASI KEPALA DESA KABUPATEN JEMBER MASA BHAKTI TAHUN 2021 S/D TAHUN 2025.   \r\n\r\n???? Pukul 12.55 WIB Bupati Jember menuju lantai 2 pendopo Waryaloka Wahyawibawagraha \r\n???? Pukul 13.00 WIB acara dimulai dengan susunan sebagai berikut :\r\n1. Menyanyikan Lagu Kebangsaan Indonesia Raya dan Lagu Mars Jember\r\n2. Pembukaan acara\r\n3. Pembacaan Keputusan Hasil Musyawarah Daerah Asosiasi Kepala Desa Kabupaten Jember Masa Bhakti 2021-2025.\r\n4. Prosesi Pengukuhan Asosiasi Kepala Desa :\r\n- Pengurus Asosiasi Kepala Desa yang akan dikukuhkan dimohon berdiri. \r\n- Hadirin disilahkan berdiri, Bupati Jember disilahkan mengambil tempat. \r\n- Pembacaan Pengukuhan oleh Bupati Jember. \r\n- Bupati Jember disilahkan kembali ketempat, hadirin disilahkan duduk kembali. \r\n- Pengurus Asosiasi Kepala Desa Kabupaten Jember Masa Bhakti Tahun 2021 s/d Tahun 2025 yang sudah dikukuhkan disilahkan   duduk kembali\r\n5. Sambutan Ketua AKD terpilih\r\n6. Bupati Jember. \r\n7. Pembacaan doa oleh Bpk. Farhan. \r\n8. Selesai, Penutupan acara.\r\n9. Foto bersama. \r\n???? Doorstop media. \r\n???? Acara selesai Bupati dan Ka. Opd meninggalkan lokasi acara\r\n\r\n*Pelaksanaan acara ini mengikuti & memperhatikan syarat Protokol Kesehatan Covid-19.\r\n\r\nCatatan : \r\n-	 Undangan Wajib menyerahkan hasil swab antigen dengan hasil Negatip. \r\n-	 Hasil swab antigen hanya berlaku 1 hari\r\n-	 Swab dapat dilakukan di Poli Kesehatan Pemerintah Kabupaten Jember / Puskesmas terdekat (peserta AKD). \r\n- Mohon hadir ditempat acara 1 (satu) jam sebelum acara dimulai. ','1. Musda AKD : Model Clasroom. \r\n2. Pengukuhan pengurus AKD : Model Theatre, dengan posisi : Bupati dan Opd berada disisi barat hadap ke timur. Peserta Musda AKD hadap videotron. ','-','02 Ambon\r\n (+62811-3253-009)\r\n03 Ambon\r\n (+62813-3652-0001)\r\n06 Ambon \r\n(+62851-0077-4299)\r\n08 Ambon\r\n(+62822-5715-8412)','Untuk kalangan sendiri','1629890930915.pdf','16298909309151.pdf',3,3,1,'2021-08-25 18:28:50','2021-08-25 18:28:50',NULL),(10,'MUSYAWARAH DAERAH ASOSIASI KEPALA DESA KABUPATEN JEMBER TAHUN 2021.  dan PENGUKUHAN PENGURUS ASOSIASI KEPALA DESA KABUPATEN JEMBER MASA BHAKTI TAHUN 2021 S/D TAHUN 2025. ','Sosialisasi','Pemkab Jember','Bupati','✅ Satpol PP\r\nMengamankan dan mengawasi keamanan tempat acara & area Pendopo Wahyawibawagraha. \r\n\r\n✅ Bagian Umum\r\n- Menyiapkan tempat acara di Aula Pendopo Wahyawibawagraha Lt.2\r\n- Penataan meja & kursi sesuai layout\r\n- Gardening\r\n- Sound System\r\n- Podium\r\n\r\n✅ Bagian Dispesmasdes\r\n- Menyiapkan materi\r\n- Berkoordinasi dengan Asosiasi Kepala Desa. \r\n- Menghadirkan Pengurus Asosiasi Kepala Desa. \r\n- Menyiapkan absen daftar hadir & petugasnya acara Musda & acara Pengukuhan\r\n\r\n✅ Bagian Protokol dan Komunikasi Pimpinan\r\n- menyiapkan MC dan dirigen\r\n- Penyusunan Standart Operasional Prosedur Acara. \r\n- Petugas Protokoler (tata tempat, tata acara);\r\n- Pembuatan undangan VIP;\r\n- SMS / WA Center OPD. \r\n- Videotron\r\n\r\n✅ Dinas Kesehatan\r\n- Penyiapan kelengkapan Swab antigen\r\n\r\n✅ Diskominfo\r\n- Penyiapan Media dan tim liputan\r\n- Operator Lagu Kebangsaan Indonesia Raya & Lagu Mars Jember. ','2021-08-26','19:31:00','Aula Waryaloka Pendopo Wahyawibawagraha lantai 2.','- Sipil                   : Batik. \r\n- Pengurus AKD : PDH Khaky. ','Undangan VIP :\r\n1. Bupati Jember (Musda & Pengukuhan). \r\n\r\nUndangan OPD. Kabupaten Jember dan lainnya :\r\n1. Sekretaris Daerah (Pengukuhan) \r\n2. Ka. Dispemasdes (Musda & Pengukuhan). \r\n3. Kabag. Hukum (Pengukuhan)\r\n2. Peserta Musda & Pengukuhan : 28 orang Kades, diantaranya  sebagai Panitia Pemilihan Pengurus Asosiasi Kepala Desa Kabupaten Jember Tahun 2021 dan sebagai Koordinator Kecamatan (perwakilan seluruh Kades)','-','Rundown : MUSYAWARAH DAERAH ASOSIASI KEPALA DESA KABUPATEN JEMBER TAHUN 2021 sebagai berikut : \r\n\r\n???? Pukul 07.55 WIB Bupati Jember menuju lantai 2 Pendopo Waryaloka Wahyawibawagraha \r\n???? Pukul 08:00 WIB acara dimulai dengan susunan sebagai berikut :\r\n1. Menyanyikan Lagu Kebangsaan Indonesia Raya dan Lagu Mars Jember. \r\n2. Pembukaan acara. \r\n3. Pembacaan doa oleh Bpk. Farhan.\r\n4. Laporan Ketua Panitia Pemilihan Pengurus Asosiasi Kepala Desa Kabupaten Jember Tahun 2021 oleh Bpk. Sunaryo. \r\n4. Sambutan perwakilan Asosiasi Kepala Desa Provinsi Jawa Timur oleh Bpk. Bisma Pradana. \r\n5. Sambutan Bupati Jember sekaligus membuka secara resmi acara Musyawarah Daerah Asosiasi Kepala Desa Kabupaten Jember Tahun 2021.\r\n6. Acara berhenti sejenak untuk memberikan kesempatan Kepada Bupati Jember meninggalkan lokasi acara. \r\n7. Foto bersama, tentative. \r\n???? Doorstop media\r\n???? Acara dilanjutkan Musda AKD Kabupaten Jember Tahun 2021 oleh Panitia Musda. \r\n\r\n\r\nRundown : PENGUKUHAN PENGURUS ASOSIASI KEPALA DESA KABUPATEN JEMBER MASA BHAKTI TAHUN 2021 S/D TAHUN 2025.   \r\n\r\n???? Pukul 12.55 WIB Bupati Jember menuju lantai 2 pendopo Waryaloka Wahyawibawagraha \r\n???? Pukul 13.00 WIB acara dimulai dengan susunan sebagai berikut :\r\n1. Menyanyikan Lagu Kebangsaan Indonesia Raya dan Lagu Mars Jember\r\n2. Pembukaan acara\r\n3. Pembacaan Keputusan Hasil Musyawarah Daerah Asosiasi Kepala Desa Kabupaten Jember Masa Bhakti 2021-2025.\r\n4. Prosesi Pengukuhan Asosiasi Kepala Desa :\r\n- Pengurus Asosiasi Kepala Desa yang akan dikukuhkan dimohon berdiri. \r\n- Hadirin disilahkan berdiri, Bupati Jember disilahkan mengambil tempat. \r\n- Pembacaan Pengukuhan oleh Bupati Jember. \r\n- Bupati Jember disilahkan kembali ketempat, hadirin disilahkan duduk kembali. \r\n- Pengurus Asosiasi Kepala Desa Kabupaten Jember Masa Bhakti Tahun 2021 s/d Tahun 2025 yang sudah dikukuhkan disilahkan   duduk kembali\r\n5. Sambutan Ketua AKD terpilih\r\n6. Bupati Jember. \r\n7. Pembacaan doa oleh Bpk. Farhan. \r\n8. Selesai, Penutupan acara.\r\n9. Foto bersama. \r\n???? Doorstop media. \r\n???? Acara selesai Bupati dan Ka. Opd meninggalkan lokasi acara\r\n\r\n*Pelaksanaan acara ini mengikuti & memperhatikan syarat Protokol Kesehatan Covid-19.\r\n\r\nCatatan : \r\n-	 Undangan Wajib menyerahkan hasil swab antigen dengan hasil Negatip. \r\n-	 Hasil swab antigen hanya berlaku 1 hari\r\n-	 Swab dapat dilakukan di Poli Kesehatan Pemerintah Kabupaten Jember / Puskesmas terdekat (peserta AKD). \r\n- Mohon hadir ditempat acara 1 (satu) jam sebelum acara dimulai. ','1. Musda AKD : Model Clasroom. \r\n2. Pengukuhan pengurus AKD : Model Theatre, dengan posisi : Bupati dan Opd berada disisi barat hadap ke timur. Peserta Musda AKD hadap videotron. ','-','02 Ambon\r\n (+62811-3253-009)\r\n03 Ambon\r\n (+62813-3652-0001)\r\n06 Ambon \r\n(+62851-0077-4299)\r\n08 Ambon\r\n(+62822-5715-8412)','Untuk kalangan sendiri','1629891149751.pdf','16298911497511.pdf',3,3,1,'2021-08-25 18:32:29','2021-08-25 18:32:29',NULL),(11,'MUSYAWARAH DAERAH ASOSIASI KEPALA DESA KABUPATEN JEMBER TAHUN 2021.  dan PENGUKUHAN PENGURUS ASOSIASI KEPALA DESA KABUPATEN JEMBER MASA BHAKTI TAHUN 2021 S/D TAHUN 2025. ','Sosialisasi','Pemkab Jember','Wakil Bupati','✅ Satpol PP\r\nMengamankan dan mengawasi keamanan tempat acara & area Pendopo Wahyawibawagraha. \r\n\r\n✅ Bagian Umum\r\n- Menyiapkan tempat acara di Aula Pendopo Wahyawibawagraha Lt.2\r\n- Penataan meja & kursi sesuai layout\r\n- Gardening\r\n- Sound System\r\n- Podium\r\n\r\n✅ Bagian Dispesmasdes\r\n- Menyiapkan materi\r\n- Berkoordinasi dengan Asosiasi Kepala Desa. \r\n- Menghadirkan Pengurus Asosiasi Kepala Desa. \r\n- Menyiapkan absen daftar hadir & petugasnya acara Musda & acara Pengukuhan\r\n\r\n✅ Bagian Protokol dan Komunikasi Pimpinan\r\n- menyiapkan MC dan dirigen\r\n- Penyusunan Standart Operasional Prosedur Acara. \r\n- Petugas Protokoler (tata tempat, tata acara);\r\n- Pembuatan undangan VIP;\r\n- SMS / WA Center OPD. \r\n- Videotron\r\n\r\n✅ Dinas Kesehatan\r\n- Penyiapan kelengkapan Swab antigen\r\n\r\n✅ Diskominfo\r\n- Penyiapan Media dan tim liputan\r\n- Operator Lagu Kebangsaan Indonesia Raya & Lagu Mars Jember. ','2021-08-26','18:35:00','Aula Waryaloka Pendopo Wahyawibawagraha lantai 2.','- Sipil                   : Batik. \r\n- Pengurus AKD : PDH Khaky. ','Undangan VIP :\r\n1. Bupati Jember (Musda & Pengukuhan). \r\n\r\nUndangan OPD. Kabupaten Jember dan lainnya :\r\n1. Sekretaris Daerah (Pengukuhan) \r\n2. Ka. Dispemasdes (Musda & Pengukuhan). \r\n3. Kabag. Hukum (Pengukuhan)\r\n2. Peserta Musda & Pengukuhan : 28 orang Kades, diantaranya  sebagai Panitia Pemilihan Pengurus Asosiasi Kepala Desa Kabupaten Jember Tahun 2021 dan sebagai Koordinator Kecamatan (perwakilan seluruh Kades)','-','Rundown : MUSYAWARAH DAERAH ASOSIASI KEPALA DESA KABUPATEN JEMBER TAHUN 2021 sebagai berikut : \r\n\r\n???? Pukul 07.55 WIB Bupati Jember menuju lantai 2 Pendopo Waryaloka Wahyawibawagraha \r\n???? Pukul 08:00 WIB acara dimulai dengan susunan sebagai berikut :\r\n1. Menyanyikan Lagu Kebangsaan Indonesia Raya dan Lagu Mars Jember. \r\n2. Pembukaan acara. \r\n3. Pembacaan doa oleh Bpk. Farhan.\r\n4. Laporan Ketua Panitia Pemilihan Pengurus Asosiasi Kepala Desa Kabupaten Jember Tahun 2021 oleh Bpk. Sunaryo. \r\n4. Sambutan perwakilan Asosiasi Kepala Desa Provinsi Jawa Timur oleh Bpk. Bisma Pradana. \r\n5. Sambutan Bupati Jember sekaligus membuka secara resmi acara Musyawarah Daerah Asosiasi Kepala Desa Kabupaten Jember Tahun 2021.\r\n6. Acara berhenti sejenak untuk memberikan kesempatan Kepada Bupati Jember meninggalkan lokasi acara. \r\n7. Foto bersama, tentative. \r\n???? Doorstop media\r\n???? Acara dilanjutkan Musda AKD Kabupaten Jember Tahun 2021 oleh Panitia Musda. \r\n\r\n\r\nRundown : PENGUKUHAN PENGURUS ASOSIASI KEPALA DESA KABUPATEN JEMBER MASA BHAKTI TAHUN 2021 S/D TAHUN 2025.   \r\n\r\n???? Pukul 12.55 WIB Bupati Jember menuju lantai 2 pendopo Waryaloka Wahyawibawagraha \r\n???? Pukul 13.00 WIB acara dimulai dengan susunan sebagai berikut :\r\n1. Menyanyikan Lagu Kebangsaan Indonesia Raya dan Lagu Mars Jember\r\n2. Pembukaan acara\r\n3. Pembacaan Keputusan Hasil Musyawarah Daerah Asosiasi Kepala Desa Kabupaten Jember Masa Bhakti 2021-2025.\r\n4. Prosesi Pengukuhan Asosiasi Kepala Desa :\r\n- Pengurus Asosiasi Kepala Desa yang akan dikukuhkan dimohon berdiri. \r\n- Hadirin disilahkan berdiri, Bupati Jember disilahkan mengambil tempat. \r\n- Pembacaan Pengukuhan oleh Bupati Jember. \r\n- Bupati Jember disilahkan kembali ketempat, hadirin disilahkan duduk kembali. \r\n- Pengurus Asosiasi Kepala Desa Kabupaten Jember Masa Bhakti Tahun 2021 s/d Tahun 2025 yang sudah dikukuhkan disilahkan   duduk kembali\r\n5. Sambutan Ketua AKD terpilih\r\n6. Bupati Jember. \r\n7. Pembacaan doa oleh Bpk. Farhan. \r\n8. Selesai, Penutupan acara.\r\n9. Foto bersama. \r\n???? Doorstop media. \r\n???? Acara selesai Bupati dan Ka. Opd meninggalkan lokasi acara\r\n\r\n*Pelaksanaan acara ini mengikuti & memperhatikan syarat Protokol Kesehatan Covid-19.\r\n\r\nCatatan : \r\n-	 Undangan Wajib menyerahkan hasil swab antigen dengan hasil Negatip. \r\n-	 Hasil swab antigen hanya berlaku 1 hari\r\n-	 Swab dapat dilakukan di Poli Kesehatan Pemerintah Kabupaten Jember / Puskesmas terdekat (peserta AKD). \r\n- Mohon hadir ditempat acara 1 (satu) jam sebelum acara dimulai. ','1. Musda AKD : Model Clasroom. \r\n2. Pengukuhan pengurus AKD : Model Theatre, dengan posisi : Bupati dan Opd berada disisi barat hadap ke timur. Peserta Musda AKD hadap videotron. ','-','02 Ambon\r\n (+62811-3253-009)\r\n03 Ambon\r\n (+62813-3652-0001)\r\n06 Ambon \r\n(+62851-0077-4299)\r\n08 Ambon\r\n(+62822-5715-8412)','Untuk kalangan sendiri','1629891310224.pdf','16298913102241.pdf',3,3,1,'2021-08-25 18:34:17','2021-08-25 18:35:10',NULL);
/*!40000 ALTER TABLE `tb_agenda` ENABLE KEYS */;
UNLOCK TABLES;

--
-- Table structure for table `user_levels`
--

DROP TABLE IF EXISTS `user_levels`;
/*!40101 SET @saved_cs_client     = @@character_set_client */;
/*!40101 SET character_set_client = utf8 */;
CREATE TABLE `user_levels` (
  `id` int(10) unsigned NOT NULL AUTO_INCREMENT,
  `user_level` varchar(255) COLLATE utf8_unicode_ci NOT NULL,
  `created_at` datetime NOT NULL DEFAULT current_timestamp(),
  `updated_at` datetime NOT NULL DEFAULT current_timestamp() ON UPDATE current_timestamp(),
  PRIMARY KEY (`id`) USING BTREE
) ENGINE=InnoDB AUTO_INCREMENT=6 DEFAULT CHARSET=utf8 COLLATE=utf8_unicode_ci ROW_FORMAT=DYNAMIC;
/*!40101 SET character_set_client = @saved_cs_client */;

--
-- Dumping data for table `user_levels`
--

LOCK TABLES `user_levels` WRITE;
/*!40000 ALTER TABLE `user_levels` DISABLE KEYS */;
INSERT INTO `user_levels` VALUES (1,'Superadmin','2021-08-24 07:52:11','2021-08-24 07:52:18'),(2,'Admin','2021-08-24 07:52:24','2021-08-24 07:52:28'),(3,'User','2021-08-24 07:52:31','2021-08-24 07:52:34');
/*!40000 ALTER TABLE `user_levels` ENABLE KEYS */;
UNLOCK TABLES;

--
-- Table structure for table `users`
--

DROP TABLE IF EXISTS `users`;
/*!40101 SET @saved_cs_client     = @@character_set_client */;
/*!40101 SET character_set_client = utf8 */;
CREATE TABLE `users` (
  `id` int(10) unsigned NOT NULL AUTO_INCREMENT,
  `user_level_id` int(10) unsigned NOT NULL,
  `email` varchar(255) COLLATE utf8_unicode_ci NOT NULL,
  `fullname` varchar(255) COLLATE utf8_unicode_ci NOT NULL,
  `password` varchar(255) COLLATE utf8_unicode_ci DEFAULT NULL,
  `created_at` datetime NOT NULL DEFAULT current_timestamp(),
  `updated_at` datetime NOT NULL DEFAULT current_timestamp() ON UPDATE current_timestamp(),
  PRIMARY KEY (`id`) USING BTREE,
  KEY `users_user_level_id_foreign` (`user_level_id`) USING BTREE,
  CONSTRAINT `users_user_level_id_foreign` FOREIGN KEY (`user_level_id`) REFERENCES `user_levels` (`id`)
) ENGINE=InnoDB AUTO_INCREMENT=12 DEFAULT CHARSET=utf8 COLLATE=utf8_unicode_ci ROW_FORMAT=DYNAMIC;
/*!40101 SET character_set_client = @saved_cs_client */;

--
-- Dumping data for table `users`
--

LOCK TABLES `users` WRITE;
/*!40000 ALTER TABLE `users` DISABLE KEYS */;
INSERT INTO `users` VALUES (1,1,'admin@admin.com','Admin KOPIPRO','202cb962ac59075b964b07152d234b70','2021-08-23 13:19:21','2021-08-25 08:53:57'),(2,2,'bupati@gmail.com','Ir. H. Hendy Siswanto','c78de339ede23183fc9655b17fd6ba95','2021-08-23 13:22:09','2021-08-23 13:22:09'),(3,2,'wabup@gmail.com','KH. MB Firjaun Barlaman','2f8b68b996832a642955fc488d06f282','2021-08-23 13:22:09','2021-08-23 13:22:09'),(4,1,'sespri1@gmail.com','Sekretaris Bupati','7c18961df6176cbaa3c75702b9f473b7','2021-08-23 13:24:28','2021-08-23 13:24:28'),(5,1,'sespri2@gmail.com','Sekretaris Wakil Bupati','29b15eb2d4183a775d4c60d7eef97614','2021-08-23 13:24:28','2021-08-23 13:24:28'),(6,1,'protokol@gmail.com','Protokol','4873fcef7920451651653d12d3197710','2021-08-23 13:25:38','2021-08-23 13:25:38'),(7,3,'user@gmail.com','User Umum','ee11cbb19052e40b07aac0ca060c23ee','2021-08-23 13:26:09','2021-08-23 13:26:09'),(8,3,'rosid321@gmail.com','Fathor Rosid','827ccb0eea8a706c4c34a16891f84e7b','2021-08-23 21:17:45','2021-08-24 10:25:23'),(9,3,'damayanti@gmail.com','Desinta Damayanti ','202cb962ac59075b964b07152d234b70','2021-08-23 21:45:06','2021-08-24 10:24:53'),(11,3,'intan@gmail.com','Intan Permatasari','827ccb0eea8a706c4c34a16891f84e7b','2021-08-23 23:44:19','2021-08-24 10:25:08');
/*!40000 ALTER TABLE `users` ENABLE KEYS */;
UNLOCK TABLES;
/*!40103 SET TIME_ZONE=@OLD_TIME_ZONE */;

/*!40101 SET SQL_MODE=@OLD_SQL_MODE */;
/*!40014 SET FOREIGN_KEY_CHECKS=@OLD_FOREIGN_KEY_CHECKS */;
/*!40014 SET UNIQUE_CHECKS=@OLD_UNIQUE_CHECKS */;
/*!40101 SET CHARACTER_SET_CLIENT=@OLD_CHARACTER_SET_CLIENT */;
/*!40101 SET CHARACTER_SET_RESULTS=@OLD_CHARACTER_SET_RESULTS */;
/*!40101 SET COLLATION_CONNECTION=@OLD_COLLATION_CONNECTION */;
/*!40111 SET SQL_NOTES=@OLD_SQL_NOTES */;

-- Dump completed on 2021-08-26 22:09:08
